{"duration": 261.8940677642822, "input_args": {"path_to_file": "'../../data/train_data.xlsx'"}, "time": 1718469533.2501357}