{"duration": 513.1029968261719, "input_args": {"path_to_file": "'../../data/train_data.xlsx'"}, "time": 1718553048.3532367}