{"duration": 491.5090277194977, "input_args": {"path_to_file": "'../../data/train_data.xlsx'"}, "time": 1718813409.6829755}