{"duration": 4.405041217803955, "input_args": {"path_to_file": "'../data/fatahi.xlsx'"}, "time": 1718805479.5894148}